Configuration,avg_result,min_result,max_result,avg_time,min_time,max_time,avg_num_i
rand-edges-MSLS,35823.7,35220.0,36441.0,188.36540899276733,185.6025652885437,195.10401487350464,200.0
rand-edges-LNS,33544.3,32413.0,34924.0,187.5925980091095,187.49124550819397,187.69900274276733,696.6
rand-edges-LNSa,34629.0,33382.0,36284.0,187.5033531665802,187.46525931358337,187.54908394813538,1883.7
rand-edges-ILS,32958.3,32356.0,33787.0,187.54994621276856,187.49354934692383,187.69221210479736,1312.4
