Configuration,avg_result,min_result,max_result,avg_time,min_time,max_time,avg_num_i
rand-edges-MSLS,36038.6,34513.0,36848.0,188.90783042907714,186.73278093338013,191.48840832710266,200.0
rand-edges-LNS,33163.4,31582.0,34978.0,188.06540739536285,187.92562794685364,188.25621962547302,673.6
rand-edges-LNSa,35026.9,33257.0,36236.0,187.96062891483308,187.9214482307434,188.00874853134155,1883.6
rand-edges-ILS,33393.4,32636.0,34443.0,188.10651280879975,187.91608691215515,188.31690526008606,1313.7
