Configuration,avg_result,min_result,max_result,avg_time,min_time,max_time,avg_num_i
ILS+Kmeans,30028.6,29819.0,30456.0,188.4656035900116,188.38362050056458,188.6109037399292,1208.4
